Call Date,Call Time,Incident#,Address,Incident
03/16/2025,11:47 pm,2025070308,701 S PROVIDENCE RD,PRKNG LOT CHK
03/16/2025,11:46 pm,2025070307,601 S PROVIDENCE RD,PRKNG LOT CHK
03/16/2025,11:44 pm,2025070305,1140 EAST CAMPUS DR,CHK BLDG
03/16/2025,11:31 pm,2025070301,903 CHAMPIONS DR,ASST CITIZEN (POLICE)
03/16/2025,11:08 pm,2025070290,1004 TIGER AVE,LEAVING SCENE
03/16/2025,11:07 pm,2025070289,851 CHAMPIONS DR,SUSP VEH
03/16/2025,11:04 pm,2025070286,851 CHAMPIONS DR,PRKNG LOT CHK
03/16/2025,10:45 pm,2025070278,1100 RESEARCH PARK DR/S PROVIDENCE RD,T TRFC STOP
03/16/2025,10:41 pm,2025070273,804 ELM ST,PRKNG LOT CHK
03/16/2025,10:31 pm,2025070269,3 HOSPITAL DR,FOLLOW UP
03/16/2025,10:21 pm,2025070266,309 HITT ST,PROBLEM ORIENTED POLICING
03/16/2025,10:10 pm,2025070257,309 HITT ST,T TRFC STOP
03/16/2025,09:57 pm,2025070250,1004 TIGER AVE,T TRFC STOP
03/16/2025,09:40 pm,2025070237,1100 CARRIE FRANCKE DR,CHK AREA
03/16/2025,09:18 pm,2025070216,1579 CAPEN PARK DR,CHK AREA
03/16/2025,09:17 pm,2025070215,0 S PROVIDENCE RD/E GREEN MEADOWS RD,T TRFC STOP
03/16/2025,09:05 pm,2025070210,528 KENTUCKY BLVD,PRKNG VIOL
03/16/2025,09:04 pm,2025070209,1000 VIRGINIA AVE,PRKNG LOT CHK
03/16/2025,08:56 pm,2025070204,5550 S HWY 63 NB,CHK AREA
03/16/2025,08:56 pm,2025070200,799 TIGER AVE/ROLLINS ST,T TRFC STOP
03/16/2025,08:51 pm,2025070199,600 TIGER AVE/CONLEY AVE,TRFC OBSERVATION
03/16/2025,08:51 pm,2025070198,799 ROLLINS ST/MISSOURI AVE,T TRFC STOP
03/16/2025,08:47 pm,2025070195,799 MISSOURI AVE/ROLLINS ST,T TRFC STOP
03/16/2025,08:46 pm,2025070194,1 HOSPITAL DR,LARCENY
03/16/2025,08:44 pm,2025070193,600 TIGER AVE/CONLEY AVE,TRFC OBSERVATION
03/16/2025,08:43 pm,2025070192,810 ROLLINS ST,PRKNG LOT CHK
03/16/2025,08:37 pm,2025070188,0 S PROVIDENCE RD/CARTER LN,132B3 STALLED VEH
03/16/2025,08:20 pm,2025070174,1199 HOSPITAL DR/VIRGINIA AVE,T TRFC STOP
03/16/2025,08:10 pm,2025070162,3 HOSPITAL DR,ASST CITIZEN (POLICE)
03/16/2025,08:02 pm,2025070153,601 S PROVIDENCE RD,PROBLEM ORIENTED POLICING
03/16/2025,08:01 pm,2025070152,1598 S PROVIDENCE RD/MICK DEAVER DR,T TRFC STOP
03/16/2025,07:59 pm,2025070147,1264 ASHLAND RD,PRKNG LOT CHK
03/16/2025,07:55 pm,2025070144,910 CURTIS AVE,CHK AREA
03/16/2025,07:54 pm,2025070143,1024 ASHLAND RD,PRKNG LOT CHK
03/16/2025,07:53 pm,2025070142,1140 EAST CAMPUS LOOP,PRKNG LOT CHK
03/16/2025,07:53 pm,2025070141,1024 ASHLAND RD,PRKNG LOT CHK
03/16/2025,07:50 pm,2025070135,1140 EAST CAMPUS DR,FOOT PATROL
03/16/2025,07:49 pm,2025070133,810 ROLLINS ST,PRKNG LOT CHK
03/16/2025,07:49 pm,2025070131,920 EAST CAMPUS LOOP,PRKNG LOT CHK
03/16/2025,07:45 pm,2025070128,799 HITT ST/ROLLINS ST,T TRFC STOP
03/16/2025,07:33 pm,2025070121,1720 ROLLINS ST,PRKNG LOT CHK
03/16/2025,07:28 pm,2025070114,1100 VIRGINIA AVE,PRKNG LOT CHK
03/16/2025,07:24 pm,2025070109,910 CURTIS AVE,CHK AREA
03/16/2025,07:23 pm,2025070107,1504 ROLLINS ST,PRKNG LOT CHK
03/16/2025,07:21 pm,2025070105,1509 ROLLINS ST,PRKNG LOT CHK
03/16/2025,07:20 pm,2025070104,1509 ROLLINS ST,PRKNG LOT CHK
03/16/2025,07:20 pm,2025070101,1400 ROLLINS ST,PRKNG LOT CHK
03/16/2025,07:14 pm,2025070099,1 HOSPITAL DR,911 CHK
03/16/2025,07:02 pm,2025070088,699 CONLEY AVE/TIGER AVE,T TRFC STOP
03/16/2025,07:02 pm,2025070085,901 VIRGINIA AVE,T TRFC STOP
04/16/2025,11:51 pm,2025101473,1635 CAPEN PARK DR,SUSP VEH
04/16/2025,11:51 pm,2025101471,1600 CAPEN PARK DR,CHK AREA
04/16/2025,10:52 pm,2025101438,299 E BROADWAY/N PROVIDENCE RD,ASST OTHER AGENCY
04/16/2025,10:28 pm,2025101419,904 S COLLEGE AVE,PRKNG LOT CHK
04/16/2025,10:27 pm,2025101417,917 EAST CAMPUS DR,PRKNG LOT CHK
04/16/2025,10:22 pm,2025101414,1700 ROLLINS ST,PRKNG LOT CHK
04/16/2025,10:17 pm,2025101412,299 S SEVENTH ST/ELM ST,CHK SUBJ
04/16/2025,10:10 pm,2025101406,1700 ROLLINS ST,PRKNG LOT CHK
04/16/2025,10:08 pm,2025101405,1504 ROLLINS ST,PRKNG LOT CHK
04/16/2025,10:08 pm,2025101404,920 EAST CAMPUS LOOP,PRKNG LOT CHK
04/16/2025,10:05 pm,2025101401,1020 EAST CAMPUS LOOP,CHK AREA
04/16/2025,09:57 pm,2025101396,115 W BUSINESS LOOP 70,WORK ORDER
04/16/2025,09:48 pm,2025101389,906 VIRGINIA AVE,DRUGS
04/16/2025,09:37 pm,2025101380,115 W BUSINESS LOOP 70,CHK AREA
04/16/2025,09:32 pm,2025101377,851 CHAMPIONS DR,PRKNG LOT CHK
04/16/2025,09:21 pm,2025101368,704 CONLEY AVE,CHK BLDG
04/16/2025,09:02 pm,2025101357,24 E STEWART RD,113C1 PEACE DIST
04/16/2025,08:55 pm,2025101352,1400 ROCK QUARRY RD,PRKNG LOT CHK
04/16/2025,08:52 pm,2025101347,1507 CAPEN PARK DR,CHK AREA
04/16/2025,08:40 pm,2025101338,1021 EAST CAMPUS LOOP,CHK AREA
04/16/2025,08:30 pm,2025101330,203 N COLLEGE AVE/WINDSOR ST,T TRFC STOP
04/16/2025,08:22 pm,2025101321,301 S PROVIDENCE RD/ELM ST,T TRFC STOP
04/16/2025,08:04 pm,2025101310,1000 ROLLINS ST,30B TRAUMATIC INJ
04/16/2025,07:55 pm,2025101302,1601 RESEARCH PARK DR,PRKNG LOT CHK
04/16/2025,07:46 pm,2025101294,399 E STADIUM BLVD/S PROVIDENCE RD,T TRFC STOP
04/16/2025,07:40 pm,2025101289,309 HITT ST,PROBLEM ORIENTED POLICING
04/16/2025,07:32 pm,2025101286,413 S FIFTH ST,PRKNG LOT CHK
04/16/2025,07:23 pm,2025101279,1100 S PROVIDENCE RD,CHK AREA
04/16/2025,06:56 pm,2025101257,1202 ROLLINS ST,ASST CITIZEN (POLICE)
04/16/2025,06:22 pm,2025101240,1100 CARRIE FRANCKE DR,CHK AREA
04/16/2025,06:20 pm,2025101238,1306 RESEARCH PARK DR,PRKNG LOT CHK
04/16/2025,06:19 pm,2025101237,1514 RESEARCH PARK DR,PRKNG LOT CHK
04/16/2025,06:09 pm,2025101230,1 CHAMPIONS DR,PRKNG LOT CHK
04/16/2025,06:07 pm,2025101226,851 CHAMPIONS DR,PRKNG LOT CHK
04/16/2025,05:30 pm,2025101187,909 LOWRY MALL,ASST CITIZEN (POLICE)
04/16/2025,05:19 pm,2025101169,901 VIRGINIA AVE,FOLLOW UP
04/16/2025,04:58 pm,2025101153,701 S COLLEGE AVE,ASST CITIZEN (POLICE)
04/16/2025,04:00 pm,2025101079,1503 S PROVIDENCE RD,110D3 COM BURG
04/16/2025,03:38 pm,2025101054,916 E STADIUM BLVD,PRKNG LOT CHK
04/16/2025,03:25 pm,2025101042,851 CHAMPIONS DR,PRKNG LOT CHK
04/16/2025,03:14 pm,2025101032,1 HOSPITAL DR,ASST OTHER AGENCY
04/16/2025,03:11 pm,2025101028,851 CHAMPIONS DR,PRKNG LOT CHK
04/16/2025,03:10 pm,2025101027,700 E STADIUM BLVD,PRKNG LOT CHK
04/16/2025,03:10 pm,2025101026,700 E STADIUM BLVD,PRKNG LOT CHK
04/16/2025,02:52 pm,2025101011,1 CHAMPIONS DR,PRKNG LOT CHK
04/16/2025,02:27 pm,2025100987,601 S PROVIDENCE RD,PROBLEM ORIENTED POLICING
04/16/2025,01:59 pm,2025100955,1682 PROVIDENCE POINT,CHK AREA
04/16/2025,01:51 pm,2025100946,910 CURTIS AVE,CHK AREA
04/16/2025,01:43 pm,2025100935,1 HOSPITAL DR,ASST OTHER AGENCY
04/16/2025,01:37 pm,2025100924,1196 UNIVERSITY AVE,FOOT PATROL
05/17/2025,11:50 pm,2025133966,2699 ROCK QUARRY RD/ROLLING ROCK DR,T TRFC STOP
05/17/2025,10:10 pm,2025133902,1100 S PROVIDENCE RD,TRESPASS SUBJ
05/17/2025,10:10 pm,2025133902,1100 S PROVIDENCE RD,TRESPASS SUBJ
05/17/2025,09:58 pm,2025133895,799 S COLLEGE AVE/ROLLINS ST,T TRFC STOP
05/17/2025,09:37 pm,2025133880,700 TIGER AVE,WORK ORDER
05/17/2025,09:35 pm,2025133878,901 VIRGINIA AVE,FOLLOW UP
05/17/2025,09:35 pm,2025133878,901 VIRGINIA AVE,FOLLOW UP
05/17/2025,09:22 pm,2025133867,1133 ASHLAND RD,911 CHK
05/17/2025,08:46 pm,2025133851,699 E STADIUM BLVD/TIGER AVE,TRFC CONTROL
05/17/2025,08:46 pm,2025133850,999 E STADIUM BLVD/MONK DR,TRFC CONTROL
05/17/2025,06:18 pm,2025133757,1101 UNIVERSITY AVE,ASST CITIZEN (POLICE)
05/17/2025,06:04 pm,2025133754,1 HOSPITAL DR,WALKAWAY
05/17/2025,05:57 pm,2025133747,901 VIRGINIA AVE,FOLLOW UP
05/17/2025,05:36 pm,2025133733,760 CHAMPIONS DR,131A2 PAST LEAVE SCENE
05/17/2025,05:33 pm,2025133731,642 CHAMPIONS DR,911 CHK
05/17/2025,05:31 pm,2025133730,1102 S PROVIDENCE RD,EMERGENCY PHONE CHK
05/17/2025,05:07 pm,2025133712,699 E STADIUM BLVD/TIGER AVE,TRFC CONTROL
05/17/2025,05:02 pm,2025133705,999 E STADIUM BLVD/MONK DR,TRFC CONTROL
05/17/2025,04:37 pm,2025133681,309 HITT ST,ASST CITIZEN (POLICE)
05/17/2025,04:36 pm,2025133678,1020 LOWRY MALL,LAW ALRM
05/17/2025,04:01 pm,2025133646,801 CONLEY AVE,RECOVER PROP
05/17/2025,03:53 pm,2025133636,1 CHAMPIONS DR,RECOVER PROP
05/17/2025,02:48 pm,2025133594,1406 ROLLINS ST,ASST CITIZEN (POLICE)
05/17/2025,02:15 pm,2025133570,1500 RESEARCH PARK DR,PRKNG VIOL
05/17/2025,01:42 pm,2025133546,901 VIRGINIA AVE,ASST CITIZEN (POLICE)
05/17/2025,01:20 pm,2025133531,699 E STADIUM BLVD/TIGER AVE,TRFC CONTROL
05/17/2025,01:17 pm,2025133529,507 ROLLINS ST,RECOVER PROP
05/17/2025,01:14 pm,2025133527,999 E STADIUM BLVD/MONK DR,TRFC CONTROL
05/17/2025,01:14 pm,2025133526,700 E STADIUM BLVD,INFO
05/17/2025,01:08 pm,2025133520,900 VIRGINIA AVE,CHK SUBJ
05/17/2025,12:26 pm,2025133487,1100 VIRGINIA AVE,PRKNG LOT CHK
05/17/2025,11:50 am,2025133462,801 CONLEY AVE,CHK AREA
05/17/2025,11:50 am,2025133460,507 S NINTH ST,PRKNG LOT CHK
05/17/2025,11:49 am,2025133459,940 CONLEY AVE,CHK AREA
05/17/2025,11:48 am,2025133458,800 CONLEY AVE,CHK AREA
05/17/2025,10:27 am,2025133417,699 E STADIUM BLVD/TIGER AVE,TRFC CONTROL
05/17/2025,10:19 am,2025133413,999 E STADIUM BLVD/MONK DR,TRFC CONTROL
05/17/2025,09:55 am,2025133386,999 E STADIUM BLVD/MONK DR,TRFC CONTROL
05/17/2025,09:50 am,2025133380,0 CHAMPIONS DR/MICK DEAVER DR,TRFC CONTROL
05/17/2025,09:46 am,2025133377,1004 TIGER AVE,CHK AREA
05/17/2025,09:41 am,2025133371,699 E STADIUM BLVD/TIGER AVE,131B1B VEH COL BLKNG
05/17/2025,08:54 am,2025133346,1105 CARRIE FRANCKE DR,PRKNG LOT CHK
05/17/2025,08:53 am,2025133344,1100 CARRIE FRANCKE DR,PRKNG LOT CHK
05/17/2025,08:36 am,2025133335,1100 S PROVIDENCE RD,PRKNG LOT CHK
05/17/2025,08:34 am,2025133332,251 CHAMPIONS DR,PRKNG LOT CHK
05/17/2025,08:26 am,2025133329,700 E STADIUM BLVD,PRKNG LOT CHK
05/17/2025,08:17 am,2025133324,1601 S PROVIDENCE RD,PRKNG LOT CHK
05/17/2025,08:16 am,2025133322,1514 RESEARCH PARK DR,PRKNG LOT CHK
05/17/2025,08:15 am,2025133321,1500 RESEARCH PARK DR,PRKNG LOT CHK
05/17/2025,08:14 am,2025133320,1306 RESEARCH PARK DR,PRKNG LOT CHK
06/17/2025,11:59 pm,2025165463,1400 ROCK QUARRY RD,PRKNG LOT CHK
06/17/2025,11:58 pm,2025165462,205 S SIXTH ST,PRKNG LOT CHK
06/17/2025,11:57 pm,2025165460,1600 CAPEN PARK DR,CHK AREA
06/17/2025,10:50 pm,2025165426,916 CHAMPIONS DR,CHK BLDG
06/17/2025,10:46 pm,2025165421,1 HOSPITAL DR,911 CHK
06/17/2025,10:43 pm,2025165418,916 CHAMPIONS DR,CHK AREA
06/17/2025,10:41 pm,2025165416,1100 S PROVIDENCE RD,PRKNG LOT CHK
06/17/2025,10:39 pm,2025165414,910 CURTIS AVE,PROBLEM ORIENTED POLICING
06/17/2025,10:35 pm,2025165412,700 TIGER AVE,PROBLEM ORIENTED POLICING
06/17/2025,10:34 pm,2025165411,916 E STADIUM BLVD,PRKNG LOT CHK
06/17/2025,10:34 pm,2025165410,701 HITT ST,PRKNG LOT CHK
06/17/2025,10:29 pm,2025165406,699 ELM ST/S SEVENTH ST,T TRFC STOP
06/17/2025,10:16 pm,2025165399,99 S EIGHTH ST/CHERRY ST,T TRFC STOP
06/17/2025,10:14 pm,2025165398,1004 TIGER AVE,CHK AREA
06/17/2025,10:07 pm,2025165392,1700 RECREATION DR,CHK AREA
06/17/2025,09:18 pm,2025165373,599 S SIXTH ST/CONLEY AVE,T TRFC STOP
06/17/2025,09:18 pm,2025165371,416 S SIXTH ST,CHK BLDG
06/17/2025,09:17 pm,2025165370,600 TIGER AVE/CONLEY AVE,TRFC OBSERVATION
06/17/2025,09:12 pm,2025165367,309 HITT ST,PROBLEM ORIENTED POLICING
06/17/2025,09:10 pm,2025165362,701 S PROVIDENCE RD,PRKNG LOT CHK
06/17/2025,09:02 pm,2025165353,601 S PROVIDENCE RD,PROBLEM ORIENTED POLICING
06/17/2025,08:53 pm,2025165348,1115 UNIVERSITY AVE,CHK AREA
06/17/2025,08:49 pm,2025165345,1024 ASHLAND RD,PRKNG LOT CHK
06/17/2025,08:43 pm,2025165341,901 VIRGINIA AVE,FOLLOW UP
06/17/2025,08:41 pm,2025165339,1105 CARRIE FRANCKE DR,PRKNG LOT CHK
06/17/2025,08:39 pm,2025165335,1100 CARRIE FRANCKE DR,PRKNG LOT CHK
06/17/2025,08:35 pm,2025165332,1306 RESEARCH PARK DR,PRKNG LOT CHK
06/17/2025,08:31 pm,2025165329,2155 E BROADWAY,CHK AREA
06/17/2025,08:26 pm,2025165324,920 EAST CAMPUS LOOP,PRKNG LOT CHK
06/17/2025,08:26 pm,2025165322,810 EAST CAMPUS LOOP,PRKNG LOT CHK
06/17/2025,08:17 pm,2025165318,1140 EAST CAMPUS LOOP,PRKNG LOT CHK
06/17/2025,08:17 pm,2025165317,1024 ASHLAND RD,PRKNG LOT CHK
06/17/2025,08:14 pm,2025165315,1112 EAST CAMPUS LOOP,PROBLEM ORIENTED POLICING
06/17/2025,08:14 pm,2025165314,1115 UNIVERSITY AVE,PRKNG LOT CHK
06/17/2025,08:13 pm,2025165313,920 EAST CAMPUS LOOP,PRKNG LOT CHK
06/17/2025,08:13 pm,2025165312,917 EAST CAMPUS DR,PRKNG LOT CHK
06/17/2025,08:12 pm,2025165311,1400 ROLLINS ST,PRKNG LOT CHK
06/17/2025,08:09 pm,2025165308,804 ELM ST,PRKNG LOT CHK
06/17/2025,08:09 pm,2025165309,601 S PROVIDENCE RD,PROBLEM ORIENTED POLICING
06/17/2025,08:08 pm,2025165306,800 ELM ST,CHK AREA
06/17/2025,08:07 pm,2025165305,413 S FIFTH ST,PRKNG LOT CHK
06/17/2025,08:07 pm,2025165303,505 E STEWART RD,PRKNG LOT CHK
06/17/2025,08:07 pm,2025165302,1720 ROLLINS ST,PRKNG LOT CHK
06/17/2025,08:06 pm,2025165301,515 S FIFTH ST,PRKNG LOT CHK
06/17/2025,08:06 pm,2025165299,625 S FOURTH ST,PRKNG LOT CHK
06/17/2025,07:41 pm,2025165274,1100 S PROVIDENCE RD,PRKNG LOT CHK
06/17/2025,07:36 pm,2025165269,251 CHAMPIONS DR,PRKNG LOT CHK
06/17/2025,07:31 pm,2025165267,1 CHAMPIONS DR,PRKNG LOT CHK
06/17/2025,07:31 pm,2025165265,700 E STADIUM BLVD,PRKNG LOT CHK
06/17/2025,07:30 pm,2025165262,851 CHAMPIONS DR,PRKNG LOT CHK
07/18/2025,11:55 pm,2025197468,126 HINKSON CREEK TRL,CHK BLDG
07/18/2025,11:49 pm,2025197463,2113 S PROVIDENCE RD,PRKNG LOT CHK
07/18/2025,11:47 pm,2025197462,921 CHAMPIONS DR,CHK AREA
07/18/2025,11:47 pm,2025197461,1100 VIRGINIA AVE,PRKNG LOT CHK
07/18/2025,11:44 pm,2025197459,701 S PROVIDENCE RD,PRKNG LOT CHK
07/18/2025,11:42 pm,2025197457,615 S PROVIDENCE RD,PRKNG LOT CHK
07/18/2025,11:35 pm,2025197453,499 S PROVIDENCE RD/E STEWART RD,T TRFC STOP
07/18/2025,11:29 pm,2025197445,910 CURTIS AVE,CHK AREA
07/18/2025,11:24 pm,2025197441,399 E STADIUM BLVD/S PROVIDENCE RD,T TRFC STOP
07/18/2025,11:02 pm,2025197430,401 S NINTH ST,STALLED VEH
07/18/2025,10:38 pm,2025197415,1100 CARRIE FRANCKE DR,CHK AREA
07/18/2025,10:32 pm,2025197410,1095 VIRGINIA AVE,CHK AREA
07/18/2025,10:29 pm,2025197408,1024 ASHLAND RD,PRKNG LOT CHK
07/18/2025,10:19 pm,2025197393,902 CONLEY AVE,WORK ORDER
07/18/2025,10:15 pm,2025197390,601 S PROVIDENCE RD,PRKNG LOT CHK
07/18/2025,10:04 pm,2025197382,2800 MAGUIRE BLVD,CHK AREA
07/18/2025,10:03 pm,2025197381,309 HITT ST,PROBLEM ORIENTED POLICING
07/18/2025,09:57 pm,2025197376,551 VETERANS UNITED DR,CHK AREA
07/18/2025,09:52 pm,2025197372,1140 EAST CAMPUS LOOP,PRKNG LOT CHK
07/18/2025,09:49 pm,2025197370,920 EAST CAMPUS LOOP,PRKNG LOT CHK
07/18/2025,09:49 pm,2025197367,1400 ROLLINS ST,PRKNG LOT CHK
07/18/2025,09:37 pm,2025197360,601 S PROVIDENCE RD,CHK AREA
07/18/2025,09:24 pm,2025197349,1199 ROLLINS ST/VIRGINIA AVE,T TRFC STOP
07/18/2025,09:23 pm,2025197348,315 W BUSINESS LOOP 70,CHK AREA
07/18/2025,09:17 pm,2025197344,918 TIGER AVE,PRKNG LOT CHK
07/18/2025,09:08 pm,2025197334,1026 ROLLINS ST,TRFC OBSERVATION
07/18/2025,08:59 pm,2025197324,704 CONLEY AVE,CHK BLDG
07/18/2025,08:53 pm,2025197319,507 S NINTH ST,CHK BLDG
07/18/2025,08:46 pm,2025197311,910 CURTIS AVE,PROBLEM ORIENTED POLICING
07/18/2025,08:45 pm,2025197310,602 SANFORD ST,PRKNG LOT CHK
07/18/2025,08:45 pm,2025197306,625 S FOURTH ST,PRKNG LOT CHK
07/18/2025,08:44 pm,2025197304,515 S FIFTH ST,PRKNG LOT CHK
07/18/2025,08:43 pm,2025197303,505 E STEWART RD,PRKNG LOT CHK
07/18/2025,08:43 pm,2025197302,413 S FIFTH ST,PRKNG LOT CHK
07/18/2025,08:24 pm,2025197288,1100 S PROVIDENCE RD,CHK AREA
07/18/2025,08:14 pm,2025197282,851 CHAMPIONS DR,PRKNG LOT CHK
07/18/2025,07:58 pm,2025197271,311 S SIXTH ST,PRKNG LOT CHK
07/18/2025,07:25 pm,2025197244,309 HITT ST,PROBLEM ORIENTED POLICING
07/18/2025,06:36 pm,2025197191,901 VIRGINIA AVE,FOLLOW UP
07/18/2025,06:07 pm,2025197169,601 S PROVIDENCE RD,CHK AREA
07/18/2025,06:05 pm,2025197167,507 S NINTH ST,CHK BLDG
07/18/2025,06:04 pm,2025197166,601 S PROVIDENCE RD,PROBLEM ORIENTED POLICING
07/18/2025,05:55 pm,2025197159,1400 ROCK QUARRY RD,PRKNG LOT CHK
07/18/2025,05:53 pm,2025197158,1646 CAPEN PARK DR,CHK AREA
07/18/2025,05:47 pm,2025197152,1365 AGRONOMY RESEARCH DR,PRKNG LOT CHK
07/18/2025,05:43 pm,2025197149,1105 CARRIE FRANCKE DR,PRKNG LOT CHK
07/18/2025,05:41 pm,2025197148,1099 UNIVERSITY AVE/HITT ST,TRFC OBSERVATION
07/18/2025,05:39 pm,2025197146,309 HITT ST,PROBLEM ORIENTED POLICING
07/18/2025,05:25 pm,2025197125,115 W BUSINESS LOOP 70,CHK AREA
07/18/2025,05:25 pm,2025197125,115 W BUSINESS LOOP 70,CHK AREA
08/18/2025,11:58 pm,2025230614,1 S PROVIDENCE RD/E BROADWAY,T TRFC STOP
08/18/2025,11:51 pm,2025230607,901 VIRGINIA AVE,CHK AREA
08/18/2025,11:49 pm,2025230605,1099 MONK DR/VIRGINIA AVE,T TRFC STOP
08/18/2025,11:44 pm,2025230603,616 HITT ST,PROBLEM ORIENTED POLICING
08/18/2025,11:17 pm,2025230588,601 TURNER AVE,PRKNG LOT CHK
08/18/2025,10:36 pm,2025230559,3 HOSPITAL DR,911 CHK
08/18/2025,09:43 pm,2025230519,1007 TIGER AVE,CHK WELFARE
08/18/2025,09:42 pm,2025230518,851 CHAMPIONS DR,ASST CITIZEN (POLICE)
08/18/2025,09:36 pm,2025230515,111 E STEWART RD,SUSP INCIDENT
08/18/2025,09:21 pm,2025230512,1024 S COLLEGE AVE/HOSPITAL DR,131B3 LEAVE SCENE
08/18/2025,09:19 pm,2025230510,499 KENTUCKY BLVD/CURTIS AVE,PROBLEM ORIENTED POLICING
08/18/2025,09:16 pm,2025230508,900 CURTIS AVE/BURNAM AVE,PROBLEM ORIENTED POLICING
08/18/2025,09:13 pm,2025230507,910 CURTIS AVE,CHK AREA
08/18/2025,09:05 pm,2025230503,1024 ASHLAND RD,ASST CITIZEN (POLICE)
08/18/2025,09:03 pm,2025230502,851 CHAMPIONS DR,ASST CITIZEN (POLICE)
08/18/2025,09:02 pm,2025230501,910 CURTIS AVE,FOOT PATROL
08/18/2025,09:01 pm,2025230500,910 CURTIS AVE,FOOT PATROL
08/18/2025,09:01 pm,2025230499,910 CURTIS AVE,FOOT PATROL
08/18/2025,09:01 pm,2025230498,910 CURTIS AVE,BIKE PATROL
08/18/2025,08:39 pm,2025230484,520 S NINTH ST,ASST CITIZEN (POLICE)
08/18/2025,08:28 pm,2025230471,906 S PROVIDENCE RD,ASST OTHER AGENCY
08/18/2025,08:19 pm,2025230465,220 S TENTH ST,PRKNG LOT CHK
08/18/2025,08:16 pm,2025230463,525 ELM ST,PRKNG LOT CHK
08/18/2025,08:16 pm,2025230462,311 S SIXTH ST,PRKNG LOT CHK
08/18/2025,08:14 pm,2025230460,413 S FIFTH ST,PRKNG LOT CHK
08/18/2025,08:12 pm,2025230458,625 S FOURTH ST,PRKNG LOT CHK
08/18/2025,08:10 pm,2025230455,515 S FIFTH ST,PRKNG LOT CHK
08/18/2025,08:09 pm,2025230454,0 S OLD 63/BEARFIELD RD,T TRFC STOP
08/18/2025,08:06 pm,2025230451,511 CONLEY AVE,PRKNG LOT CHK
08/18/2025,08:04 pm,2025230450,602 TURNER AVE,PRKNG LOT CHK
08/18/2025,08:00 pm,2025230447,910 CURTIS AVE,CHK AREA
08/18/2025,07:57 pm,2025230446,810 ROLLINS ST,PRKNG LOT CHK
08/18/2025,07:56 pm,2025230445,1899 E STADIUM BLVD/S OLD 63,T TRFC STOP
08/18/2025,07:55 pm,2025230444,1400 ROLLINS ST,PRKNG LOT CHK
08/18/2025,07:54 pm,2025230442,930 EAST CAMPUS DR,PRKNG LOT CHK
08/18/2025,07:53 pm,2025230441,917 EAST CAMPUS DR,PRKNG LOT CHK
08/18/2025,07:53 pm,2025230440,1304 ROLLINS ST,PRKNG LOT CHK
08/18/2025,07:52 pm,2025230439,904 S COLLEGE AVE,PRKNG LOT CHK
08/18/2025,07:52 pm,2025230438,920 S COLLEGE AVE,PRKNG LOT CHK
08/18/2025,07:49 pm,2025230437,920 EAST CAMPUS LOOP,PRKNG LOT CHK
08/18/2025,07:49 pm,2025230436,930 EAST CAMPUS LOOP,PRKNG LOT CHK
08/18/2025,07:48 pm,2025230434,810 EAST CAMPUS LOOP,PRKNG LOT CHK
08/18/2025,07:45 pm,2025230431,1700 ROLLINS ST,PRKNG LOT CHK
08/18/2025,07:45 pm,2025230430,1509 ROLLINS ST,PRKNG LOT CHK
08/18/2025,07:37 pm,2025230425,1254 E STADIUM BLVD,TRFC OBSERVATION
08/18/2025,07:14 pm,2025230405,1021 HITT ST,52C99B FIRE ALRM
08/18/2025,06:48 pm,2025230386,901 VIRGINIA AVE,ASST CITIZEN (POLICE)
08/18/2025,06:36 pm,2025230372,1112 EAST CAMPUS LOOP,PROBLEM ORIENTED POLICING
08/18/2025,06:36 pm,2025230371,1112 EAST CAMPUS LOOP,CHK AREA
08/18/2025,06:36 pm,2025230369,1700 ROLLINS ST,PRKNG LOT CHK
09/18/2025,10:07 pm,2025263112,1100 VIRGINIA AVE,PRKNG LOT CHK
09/18/2025,10:00 pm,2025263106,1100 VIRGINIA AVE,MSNG VEH
09/18/2025,09:58 pm,2025263104,900 VIRGINIA AVE,ESCORT
09/18/2025,09:48 pm,2025263102,1264 ASHLAND RD,PRKNG LOT CHK
09/18/2025,08:14 pm,2025263051,203 S NINTH ST,WORK ORDER
09/18/2025,07:49 pm,2025263033,411 S SIXTH ST,ASST CITIZEN (POLICE)
09/18/2025,07:42 pm,2025263025,201 S NINTH ST,CHK SUBJ
09/18/2025,07:39 pm,2025263021,904 S COLLEGE AVE,PRKNG LOT CHK
09/18/2025,07:38 pm,2025263020,1406 ROLLINS ST,PRKNG LOT CHK
09/18/2025,07:38 pm,2025263019,917 EAST CAMPUS DR,PRKNG LOT CHK
09/18/2025,07:37 pm,2025263018,930 EAST CAMPUS DR,PRKNG LOT CHK
09/18/2025,07:35 pm,2025263015,920 EAST CAMPUS LOOP,PRKNG LOT CHK
09/18/2025,07:34 pm,2025263011,1504 ROLLINS ST,PRKNG LOT CHK
09/18/2025,07:29 pm,2025263003,810 ROLLINS ST,CHK BLDG
09/18/2025,07:25 pm,2025262996,0 TIGER AVE/KENTUCKY BLVD,TRFC OBSERVATION
09/18/2025,07:21 pm,2025262993,910 CURTIS AVE,CHK AREA
09/18/2025,07:18 pm,2025262988,918 TIGER AVE,CHK BLDG
09/18/2025,07:03 pm,2025262974,311 S SIXTH ST,CHK BLDG
09/18/2025,06:58 pm,2025262969,301 S SIXTH ST,CHK BLDG
09/18/2025,06:56 pm,2025262967,700 S PROVIDENCE RD,ASST CITIZEN (POLICE)
09/18/2025,06:51 pm,2025262960,800 ELM ST,FOOT PATROL
09/18/2025,06:50 pm,2025262959,602 SANFORD ST,CHK BLDG
09/18/2025,06:49 pm,2025262958,910 S PROVIDENCE RD/BINGHAM RD,T TRFC STOP
09/18/2025,06:46 pm,2025262955,701 HITT ST,PRKNG LOT CHK
09/18/2025,06:45 pm,2025262951,1448 S PROVIDENCE RD/CHAMPIONS DR,ASST OTHER AGENCY
09/18/2025,06:40 pm,2025262947,910 CURTIS AVE,CHK AREA
09/18/2025,06:39 pm,2025262946,810 ROLLINS ST,PRKNG LOT CHK
09/18/2025,06:34 pm,2025262940,701 S FIFTH ST,ASST CITIZEN (POLICE)
09/18/2025,05:42 pm,2025262889,701 S COLLEGE AVE,ASST CITIZEN (POLICE)
09/18/2025,05:38 pm,2025262885,1299 CARRIE FRANCKE DR/AGRONOMY RESEARCH DR,PRKNG VIOL
09/18/2025,05:37 pm,2025262883,1365 AGRONOMY RESEARCH DR,PRKNG LOT CHK
09/18/2025,05:36 pm,2025262882,1601 S PROVIDENCE RD,PRKNG LOT CHK
09/18/2025,05:22 pm,2025262872,804 ELM ST,CHK AREA
09/18/2025,05:19 pm,2025262870,1260 CARRIE FRANCKE DR,911 CHK
09/18/2025,05:10 pm,2025262866,399 W STADIUM BLVD/CARRIE FRANCKE DR,STALLED VEH
09/18/2025,04:58 pm,2025262861,910 CURTIS AVE,CHK AREA
09/18/2025,04:57 pm,2025262858,810 ROLLINS ST,PRKNG LOT CHK
09/18/2025,04:45 pm,2025262847,315 W BUSINESS LOOP 70,CHK AREA
09/18/2025,04:43 pm,2025262845,901 VIRGINIA AVE,FOLLOW UP
09/18/2025,04:29 pm,2025262835,1024 ASHLAND RD,SUSP VEH
09/18/2025,04:20 pm,2025262824,901 VIRGINIA AVE,FOLLOW UP
09/18/2025,04:16 pm,2025262819,901 VIRGINIA AVE,ASST CITIZEN (POLICE)
09/18/2025,04:13 pm,2025262815,1199 VIRGINIA AVE/MONK DR,T TRFC STOP
09/18/2025,04:05 pm,2025262808,1199 E STADIUM BLVD/S COLLEGE AVE,TRFC OBSERVATION
09/18/2025,03:44 pm,2025262783,1100 UNIVERSITY AVE,ABND BIKE
09/18/2025,03:29 pm,2025262772,1615 W BUSINESS LOOP 70,COMMUNITY ORIENTED POLICING
09/18/2025,03:29 pm,2025262772,1615 W BUSINESS LOOP 70,COMMUNITY ORIENTED POLICING
09/18/2025,03:14 pm,2025262762,1877 W BUSINESS LOOP 70,COMMUNITY ORIENTED POLICING
09/18/2025,02:33 pm,2025262721,901 VIRGINIA AVE,FOLLOW UP
09/18/2025,01:50 pm,2025262676,901 VIRGINIA AVE,ASST CITIZEN (POLICE)
10/19/2025,11:56 pm,2025293209,1024 ASHLAND RD,PRKNG LOT CHK
10/19/2025,11:51 pm,2025293208,1264 ASHLAND RD,PRKNG LOT CHK
10/19/2025,10:47 pm,2025293194,1003 TIGER AVE,PRKNG LOT CHK
10/19/2025,10:12 pm,2025293180,300 ELM ST/S PROVIDENCE RD,T TRFC STOP
10/19/2025,10:03 pm,2025293173,904 S COLLEGE AVE,ASST CITIZEN (POLICE)
10/19/2025,09:49 pm,2025293165,499 ELM ST/S FIFTH ST,132D1 ROAD RAGE
10/19/2025,09:28 pm,2025293159,851 CHAMPIONS DR,PRKNG LOT CHK
10/19/2025,09:24 pm,2025293157,1 CHAMPIONS DR,PRKNG LOT CHK
10/19/2025,09:21 pm,2025293154,402 KENTUCKY BLVD,DRUGS
10/19/2025,09:09 pm,2025293146,799 ROLLINS ST/MISSOURI AVE,T TRFC STOP
10/19/2025,09:05 pm,2025293141,1089 ROLLINS ST/HITT ST,TRFC OBSERVATION
10/19/2025,08:07 pm,2025293120,400 KENTUCKY BLVD,CHK BLDG
10/19/2025,08:05 pm,2025293117,1089 ROLLINS ST/HITT ST,TRFC OBSERVATION
10/19/2025,07:57 pm,2025293105,910 CURTIS AVE,PRKNG LOT CHK
10/19/2025,07:41 pm,2025293094,1102 S PROVIDENCE RD,ASST CITIZEN (POLICE)
10/19/2025,07:32 pm,2025293087,799 TIGER AVE/ROLLINS ST,T TRFC STOP
10/19/2025,07:08 pm,2025293073,904 VIRGINIA AVE,CHK WELFARE
10/19/2025,06:59 pm,2025293068,901 VIRGINIA AVE,CI DRIVING
10/19/2025,06:55 pm,2025293065,309 HITT ST,119D1 STALKING
10/19/2025,06:39 pm,2025293058,601 S PROVIDENCE RD,PRKNG LOT CHK
10/19/2025,06:35 pm,2025293054,901 VIRGINIA AVE,ASST CITIZEN (POLICE)
10/19/2025,06:26 pm,2025293048,700 TIGER AVE,ASST CITIZEN (POLICE)
10/19/2025,06:21 pm,2025293044,309 HITT ST,PRKNG LOT CHK
10/19/2025,06:13 pm,2025293038,901 VIRGINIA AVE,RECOVER PROP
10/19/2025,05:52 pm,2025293031,851 E STADIUM BLVD,131B1 VEH COL
10/19/2025,05:50 pm,2025293028,804 ELM ST,FOOT PATROL
10/19/2025,05:38 pm,2025293025,799 MISSOURI AVE/ROLLINS ST,TRFC OBSERVATION
10/19/2025,05:34 pm,2025293020,910 CURTIS AVE,CHK AREA
10/19/2025,05:32 pm,2025293019,311 S SIXTH ST,PRKNG LOT CHK
10/19/2025,05:28 pm,2025293014,901 ROLLINS ST,COMMUNITY ORIENTED POLICING
10/19/2025,05:12 pm,2025293003,699 ROLLINS ST/TIGER AVE,T TRFC STOP
10/19/2025,05:04 pm,2025292999,625 S FOURTH ST,PRKNG LOT CHK
10/19/2025,05:03 pm,2025292998,515 S FIFTH ST,PRKNG LOT CHK
10/19/2025,04:47 pm,2025292988,910 CURTIS AVE,CHK AREA
10/19/2025,04:44 pm,2025292986,1109 CARRIE FRANCKE DR,CHK AREA
10/19/2025,04:42 pm,2025292984,1306 RESEARCH PARK DR,PRKNG LOT CHK
10/19/2025,04:24 pm,2025292966,1140 EAST CAMPUS LOOP,PRKNG LOT CHK
10/19/2025,04:22 pm,2025292963,917 EAST CAMPUS DR,PRKNG LOT CHK
10/19/2025,04:22 pm,2025292962,930 EAST CAMPUS DR,PRKNG LOT CHK
10/19/2025,04:14 pm,2025292955,904 S COLLEGE AVE,FOLLOW UP
10/19/2025,04:05 pm,2025292947,1720 ROLLINS ST,PRKNG LOT CHK
10/19/2025,04:05 pm,2025292946,1700 ROLLINS ST,PRKNG LOT CHK
10/19/2025,04:03 pm,2025292945,901 ROLLINS ST,COMMUNITY ORIENTED POLICING
10/19/2025,03:28 pm,2025292924,901 VIRGINIA AVE,BIKE PATROL
10/19/2025,02:32 pm,2025292890,610 ELM ST,CHK AREA
10/19/2025,01:54 pm,2025292867,320 S SIXTH ST,PRKNG LOT CHK
10/19/2025,01:52 pm,2025292863,3928 S PROVIDENCE RD,CHK AREA
10/19/2025,01:45 pm,2025292860,1530 JEWELL AVE,CHK AREA
10/19/2025,01:42 pm,2025292857,1470 JEWELL AVE,CHK AREA
10/19/2025,01:39 pm,2025292856,115 W BUSINESS LOOP 70,CHK AREA
11/19/2025,11:41 pm,2025322384,1600 CAPEN PARK DR,SUSP VEH
11/19/2025,10:44 pm,2025322354,916 CHAMPIONS DR,CHK AREA
11/19/2025,10:40 pm,2025322353,1509 ROLLINS ST,PRKNG LOT CHK
11/19/2025,10:37 pm,2025322351,1105 CARRIE FRANCKE DR,CHK AREA
11/19/2025,10:33 pm,2025322348,1 CHAMPIONS DR,PRKNG LOT CHK
11/19/2025,10:32 pm,2025322347,700 E STADIUM BLVD,PRKNG LOT CHK
11/19/2025,10:30 pm,2025322346,412 S SIXTH ST,CHK BLDG
11/19/2025,10:27 pm,2025322345,910 CURTIS AVE,CHK AREA
11/19/2025,10:26 pm,2025322344,810 ROLLINS ST,PRKNG LOT CHK
11/19/2025,10:14 pm,2025322336,901 VIRGINIA AVE,FOLLOW UP
11/19/2025,10:13 pm,2025322335,413 S FIFTH ST,PRKNG LOT CHK
11/19/2025,10:09 pm,2025322333,299 E STEWART RD/S PROVIDENCE RD,T TRFC STOP
11/19/2025,10:08 pm,2025322331,400 KENTUCKY BLVD,CHK BLDG
11/19/2025,10:07 pm,2025322330,701 S PROVIDENCE RD,PRKNG LOT CHK
11/19/2025,10:05 pm,2025322327,601 S PROVIDENCE RD,PRKNG LOT CHK
11/19/2025,09:58 pm,2025322322,601 TURNER AVE,PRKNG LOT CHK
11/19/2025,09:41 pm,2025322320,601 S PROVIDENCE RD,PROBLEM ORIENTED POLICING
11/19/2025,09:35 pm,2025322314,520 HITT ST,CHK BLDG
11/19/2025,09:22 pm,2025322305,910 CURTIS AVE,PROBLEM ORIENTED POLICING
11/19/2025,09:21 pm,2025322304,810 ROLLINS ST,PRKNG LOT CHK
11/19/2025,09:20 pm,2025322302,813 VIRGINIA AVE,PRKNG LOT CHK
11/19/2025,09:00 pm,2025322291,1000 VIRGINIA AVE,CHK SUBJ
11/19/2025,08:04 pm,2025322267,1199 E STADIUM BLVD/S COLLEGE AVE,VEH COL
11/19/2025,07:57 pm,2025322264,1199 E STADIUM BLVD/S COLLEGE AVE,TRFC OBSERVATION
11/19/2025,07:36 pm,2025322251,416 S SIXTH ST,ASST CITIZEN (POLICE)
11/19/2025,07:35 pm,2025322250,909 LOWRY MALL,ASST CITIZEN (POLICE)
11/19/2025,07:34 pm,2025322248,1306 ROLLINS ST,LARCENY
11/19/2025,07:31 pm,2025322247,1 CHAMPIONS DR,PRKNG LOT CHK
11/19/2025,07:28 pm,2025322244,1007 TIGER AVE,PRKNG LOT CHK
11/19/2025,06:57 pm,2025322230,800 ELM ST,CHK AREA
11/19/2025,06:52 pm,2025322226,201 S SEVENTH ST,ASST CITIZEN (POLICE)
11/19/2025,06:32 pm,2025322207,499 BURNAM AVE/CURTIS AVE,T TRFC STOP
11/19/2025,06:23 pm,2025322201,601 S PROVIDENCE RD,PRKNG LOT CHK
11/19/2025,06:15 pm,2025322195,413 S FIFTH ST,PRKNG LOT CHK
11/19/2025,06:09 pm,2025322192,763 HITT ST,TRFC OBSERVATION
11/19/2025,06:06 pm,2025322191,199 S NINTH ST/LOCUST ST,ASST CITIZEN (POLICE)
11/19/2025,05:46 pm,2025322182,763 HITT ST,TRFC OBSERVATION
11/19/2025,05:36 pm,2025322171,1105 CARRIE FRANCKE DR,PRKNG LOT CHK
11/19/2025,05:34 pm,2025322170,1100 CARRIE FRANCKE DR,CHK AREA
11/19/2025,05:32 pm,2025322168,1514 RESEARCH PARK DR,PRKNG LOT CHK
11/19/2025,05:30 pm,2025322166,1601 S PROVIDENCE RD,PRKNG LOT CHK
11/19/2025,05:28 pm,2025322162,851 CHAMPIONS DR,PRKNG LOT CHK
11/19/2025,05:26 pm,2025322160,909 HITT ST,ASST CITIZEN (POLICE)
11/19/2025,04:41 pm,2025322125,1000 ROLLINS ST,30A TRAUMATIC INJ
11/19/2025,04:00 pm,2025322094,701 HITT ST,PRKNG LOT CHK
11/19/2025,03:48 pm,2025322076,705 E WALNUT ST,MINOR DETAIL
11/19/2025,02:12 pm,2025321994,1301 UNIVERSITY AVE,ASST CITIZEN (POLICE)
11/19/2025,01:37 pm,2025321960,901 VIRGINIA AVE,CHK AREA
11/19/2025,01:28 pm,2025321945,1509 ROLLINS ST,PRKNG LOT CHK
11/19/2025,01:27 pm,2025321943,24 E STEWART RD,ASSLT (SEX)
12/20/2025,11:57 pm,2025350448,300 TURNER AVE/S PROVIDENCE RD,T TRFC STOP
12/20/2025,11:54 pm,2025350444,251 CHAMPIONS DR,PRKNG LOT CHK
12/20/2025,11:34 pm,2025350426,1600 CAPEN PARK DR,CHK AREA
12/20/2025,10:54 pm,2025350399,771 HITT ST,TRFC OBSERVATION
12/20/2025,10:51 pm,2025350396,851 CHAMPIONS DR,PRKNG LOT CHK
12/20/2025,10:40 pm,2025350389,1700 ROLLINS ST,PRKNG LOT CHK
12/20/2025,10:37 pm,2025350386,2113 S PROVIDENCE RD,CHK AREA
12/20/2025,10:25 pm,2025350378,1400 ROCK QUARRY RD,PRKNG LOT CHK
12/20/2025,10:20 pm,2025350371,601 S PROVIDENCE RD,SUSP VEH
12/20/2025,10:01 pm,2025350362,601 S PROVIDENCE RD,PRKNG LOT CHK
12/20/2025,09:57 pm,2025350359,1100 S PROVIDENCE RD,CHK AREA
12/20/2025,09:56 pm,2025350354,413 S FIFTH ST,PRKNG LOT CHK
12/20/2025,09:53 pm,2025350353,1514 RESEARCH PARK DR,PRKNG LOT CHK
12/20/2025,09:51 pm,2025350350,1100 CARRIE FRANCKE DR,CHK AREA
12/20/2025,09:51 pm,2025350349,251 CHAMPIONS DR,PRKNG LOT CHK
12/20/2025,09:47 pm,2025350347,1105 CARRIE FRANCKE DR,PRKNG LOT CHK
12/20/2025,09:45 pm,2025350346,1003 TIGER AVE,PRKNG LOT CHK
12/20/2025,09:41 pm,2025350345,701 HITT ST,PRKNG LOT CHK
12/20/2025,09:37 pm,2025350343,413 S FIFTH ST,PRKNG LOT CHK
12/20/2025,09:34 pm,2025350341,1003 TIGER AVE,PRKNG LOT CHK
12/20/2025,09:24 pm,2025350337,851 CHAMPIONS DR,PRKNG LOT CHK
12/20/2025,09:22 pm,2025350335,520 HITT ST,FOOT PATROL
12/20/2025,09:18 pm,2025350333,311 S SIXTH ST,PRKNG LOT CHK
12/20/2025,09:13 pm,2025350330,1115 UNIVERSITY AVE,PRKNG LOT CHK
12/20/2025,09:08 pm,2025350327,400 S SIXTH ST,FOOT PATROL
12/20/2025,09:05 pm,2025350323,1115 UNIVERSITY AVE,PRKNG LOT CHK
12/20/2025,08:59 pm,2025350320,1 CHAMPIONS DR,PRKNG LOT CHK
12/20/2025,08:56 pm,2025350317,800 ELM ST,FOOT PATROL
12/20/2025,08:52 pm,2025350316,413 S FIFTH ST,PRKNG LOT CHK
12/20/2025,08:52 pm,2025350315,525 ELM ST,PRKNG LOT CHK
12/20/2025,08:50 pm,2025350314,625 S FOURTH ST,PRKNG LOT CHK
12/20/2025,08:47 pm,2025350313,515 S FIFTH ST,PRKNG LOT CHK
12/20/2025,08:44 pm,2025350311,1400 ROCK QUARRY RD,CHK AREA
12/20/2025,08:42 pm,2025350309,701 S PROVIDENCE RD,PRKNG LOT CHK
12/20/2025,08:41 pm,2025350308,1600 CAPEN PARK DR,CHK AREA
12/20/2025,08:40 pm,2025350307,601 S PROVIDENCE RD,PRKNG LOT CHK
12/20/2025,08:39 pm,2025350306,700 E STADIUM BLVD,PRKNG LOT CHK
12/20/2025,08:39 pm,2025350305,904 S COLLEGE AVE,PRKNG LOT CHK
12/20/2025,08:38 pm,2025350304,917 EAST CAMPUS DR,PRKNG LOT CHK
12/20/2025,08:37 pm,2025350303,1024 ASHLAND RD,PRKNG LOT CHK
12/20/2025,08:36 pm,2025350302,1 CHAMPIONS DR,PRKNG LOT CHK
12/20/2025,08:35 pm,2025350301,700 E STADIUM BLVD,PRKNG LOT CHK
12/20/2025,08:34 pm,2025350300,851 CHAMPIONS DR,PRKNG LOT CHK
12/20/2025,08:31 pm,2025350298,1024 ASHLAND RD,PRKNG LOT CHK
12/20/2025,08:31 pm,2025350297,1700 RECREATION DR,CHK AREA
12/20/2025,08:30 pm,2025350296,1140 EAST CAMPUS LOOP,PRKNG LOT CHK
12/20/2025,08:25 pm,2025350293,810 ROLLINS ST,PRKNG LOT CHK
12/20/2025,08:22 pm,2025350290,910 CURTIS AVE,PROBLEM ORIENTED POLICING
12/20/2025,08:20 pm,2025350287,1800 AGRONOMY RESEARCH DR,CHK AREA
12/20/2025,08:18 pm,2025350286,1365 AGRONOMY RESEARCH DR,CHK AREA
01/20/2026,11:58 pm,2026017876,601 S PROVIDENCE RD,SUSP VEH
01/20/2026,11:40 pm,2026017868,1300 ROLLINS ST,DRUGS
01/20/2026,11:33 pm,2026017863,1400 ROCK QUARRY RD,PRKNG LOT CHK
01/20/2026,11:32 pm,2026017862,1600 CAPEN PARK DR,CHK AREA
01/20/2026,11:00 pm,2026017852,1 HOSPITAL DR,FOLLOW UP
01/20/2026,10:37 pm,2026017845,908 VIRGINIA AVE,EMERGENCY PHONE CHK
01/20/2026,10:12 pm,2026017834,4011 DISCOVERY PKWY,CHK AREA
01/20/2026,10:11 pm,2026017833,411 S SIXTH ST,CHK BLDG
01/20/2026,10:04 pm,2026017829,3215 WINGATE CT,CHK AREA
01/20/2026,10:02 pm,2026017827,404 N KEENE ST,CHK AREA
01/20/2026,09:57 pm,2026017826,416 S SIXTH ST,CHK BLDG
01/20/2026,09:50 pm,2026017821,315 W BUSINESS LOOP 70,CHK AREA
01/20/2026,09:40 pm,2026017816,505 HITT ST,CHK BLDG
01/20/2026,09:21 pm,2026017805,1601 S PROVIDENCE RD,SUSP INCIDENT
01/20/2026,09:15 pm,2026017799,315 W BUSINESS LOOP 70,CHK AREA
01/20/2026,08:59 pm,2026017795,905 HITT ST,ASST CITIZEN (POLICE)
01/20/2026,08:56 pm,2026017794,900 UNIVERSITY AVE,ASST CITIZEN (POLICE)
01/20/2026,08:43 pm,2026017783,1100 UNIVERSITY AVE,CHK BLDG
01/20/2026,08:16 pm,2026017764,800 VIRGINIA AVE,ASST CITIZEN (POLICE)
01/20/2026,08:05 pm,2026017755,1149 TIGER AVE/HOSPITAL DR,131B1 VEH COL
01/20/2026,07:28 pm,2026017728,309 HITT ST,LEAVING SCENE
01/20/2026,07:27 pm,2026017726,905 HITT ST,ASST CITIZEN (POLICE)
01/20/2026,07:25 pm,2026017725,311 S SIXTH ST,INFO
01/20/2026,07:13 pm,2026017715,1100 CARRIE FRANCKE DR,CHK BLDG
01/20/2026,07:12 pm,2026017712,1100 CARRIE FRANCKE DR,PRKNG LOT CHK
01/20/2026,07:12 pm,2026017710,1100 CARRIE FRANCKE DR,PRKNG LOT CHK
01/20/2026,07:12 pm,2026017708,2113 S PROVIDENCE RD,PRKNG LOT CHK
01/20/2026,07:11 pm,2026017707,1500 RESEARCH PARK DR,PRKNG LOT CHK
01/20/2026,07:11 pm,2026017705,800 VIRGINIA AVE,ASST CITIZEN (POLICE)
01/20/2026,07:11 pm,2026017704,1416 CARRIE FRANCKE DR,PRKNG LOT CHK
01/20/2026,07:10 pm,2026017703,1400 CARRIE FRANCKE DR,PRKNG LOT CHK
01/20/2026,07:10 pm,2026017702,1601 S PROVIDENCE RD,PRKNG LOT CHK
01/20/2026,07:09 pm,2026017700,810 ROLLINS ST,CHK BLDG
01/20/2026,06:58 pm,2026017688,906 VIRGINIA AVE,INFO
01/20/2026,06:57 pm,2026017686,908 VIRGINIA AVE,INFO
01/20/2026,06:57 pm,2026017685,904 VIRGINIA AVE,INFO
01/20/2026,06:56 pm,2026017683,902 VIRGINIA AVE,INFO
01/20/2026,06:52 pm,2026017680,602 SANFORD ST,CHK BLDG
01/20/2026,06:50 pm,2026017675,901 VIRGINIA AVE,EMERGENCY PHONE CHK
01/20/2026,06:47 pm,2026017672,505 E STEWART RD,CHK BLDG
01/20/2026,06:37 pm,2026017662,3 HOSPITAL DR,ASSLT
01/20/2026,06:28 pm,2026017654,1202 ROLLINS ST,INFO
01/20/2026,06:25 pm,2026017652,920 EAST CAMPUS DR,CHK BLDG
01/20/2026,06:13 pm,2026017647,1024 ASHLAND RD,CHK BLDG
01/20/2026,06:03 pm,2026017643,901 VIRGINIA AVE,129C3 SUSP VEH
01/20/2026,05:46 pm,2026017625,0 S PROVIDENCE RD/E GREEN MEADOWS RD,STALLED VEH
01/20/2026,05:44 pm,2026017623,15 HOSPITAL DR,LEAVING SCENE
01/20/2026,05:42 pm,2026017619,1112 EAST CAMPUS LOOP,CHK AREA
01/20/2026,05:15 pm,2026017590,1050 EAST CAMPUS LOOP,CHK AREA
01/20/2026,05:15 pm,2026017588,907 HITT ST,ASST CITIZEN (POLICE)
02/14/2026,09:58 am,2026041028,617 S PROVIDENCE RD,CHK AREA
02/14/2026,09:53 am,2026041025,1095 VIRGINIA AVE,PRKNG LOT CHK
02/14/2026,09:38 am,2026041017,1133 ASHLAND RD,FOLLOW UP
02/14/2026,09:22 am,2026041011,801 CONLEY AVE,ASST CITIZEN (POLICE)
02/14/2026,09:01 am,2026041001,601 S PROVIDENCE RD,CHK AREA
02/14/2026,08:59 am,2026041000,918 TIGER AVE,PRKNG LOT CHK
02/14/2026,08:54 am,2026040999,315 W BUSINESS LOOP 70,CHK AREA
02/14/2026,08:44 am,2026040993,1133 ASHLAND RD,CHK AREA
02/14/2026,08:29 am,2026040987,800 ELM ST,CHK AREA
02/14/2026,08:29 am,2026040986,1024 ASHLAND RD,PRKNG LOT CHK
02/14/2026,08:28 am,2026040985,601 S PROVIDENCE RD,PRKNG LOT CHK
02/14/2026,08:27 am,2026040983,910 CURTIS AVE,CHK AREA
02/14/2026,08:26 am,2026040982,611 CONLEY AVE,CHK BLDG
02/14/2026,08:25 am,2026040981,1720 ROLLINS ST,PRKNG LOT CHK
02/14/2026,08:23 am,2026040980,507 S NINTH ST,ASST CITIZEN (POLICE)
02/14/2026,08:23 am,2026040979,500 N KEENE ST,CHK AREA
02/14/2026,08:09 am,2026040976,551 VETERANS UNITED DR,CHK AREA
02/14/2026,07:46 am,2026040972,1700 ROLLINS ST,PRKNG LOT CHK
02/14/2026,07:44 am,2026040971,920 EAST CAMPUS LOOP,CHK AREA
02/14/2026,07:39 am,2026040970,1112 EAST CAMPUS LOOP,CHK AREA
02/14/2026,07:37 am,2026040967,1024 ASHLAND RD,PRKNG LOT CHK
02/14/2026,07:35 am,2026040965,1024 ASHLAND RD,PRKNG LOT CHK
02/14/2026,07:33 am,2026040964,1264 ASHLAND RD,CHK AREA
02/14/2026,07:21 am,2026040961,601 TURNER AVE,CHK AREA
02/14/2026,07:18 am,2026040960,901 VIRGINIA AVE,PRKNG LOT CHK
02/14/2026,06:13 am,2026040950,1385 RESEARCH PARK DR,PRKNG LOT CHK
02/14/2026,06:06 am,2026040946,1290 E STADIUM BLVD,TRFC OBSERVATION
02/14/2026,06:04 am,2026040945,916 CHAMPIONS DR,CHK AREA
02/14/2026,06:02 am,2026040944,810 ROLLINS ST,PRKNG LOT CHK
02/14/2026,06:02 am,2026040943,810 ROLLINS ST,PRKNG LOT CHK
02/14/2026,05:52 am,2026040939,2800 MAGUIRE BLVD,PROBLEM ORIENTED POLICING
02/14/2026,05:40 am,2026040937,1100 S PROVIDENCE RD,PRKNG LOT CHK
02/14/2026,05:37 am,2026040936,251 CHAMPIONS DR,PRKNG LOT CHK
02/14/2026,05:24 am,2026040935,851 CHAMPIONS DR,PRKNG LOT CHK
02/14/2026,05:23 am,2026040934,700 E STADIUM BLVD,PRKNG LOT CHK
02/14/2026,05:21 am,2026040933,920 CHAMPIONS DR,PRKNG LOT CHK
02/14/2026,05:19 am,2026040932,525 ELM ST,PRKNG LOT CHK
02/14/2026,05:19 am,2026040931,851 CHAMPIONS DR,PRKNG LOT CHK
02/14/2026,05:18 am,2026040930,700 E STADIUM BLVD,PRKNG LOT CHK
02/14/2026,05:17 am,2026040929,1 CHAMPIONS DR,PRKNG LOT CHK
02/14/2026,05:12 am,2026040928,1024 ASHLAND RD,PRKNG LOT CHK
02/14/2026,05:03 am,2026040926,1700 ROLLINS ST,PRKNG LOT CHK
02/14/2026,05:01 am,2026040925,1114 UNIVERSITY AVE,PRKNG LOT CHK
02/14/2026,04:48 am,2026040924,311 S SIXTH ST,PRKNG LOT CHK
02/14/2026,04:47 am,2026040923,1264 ASHLAND RD,PROBLEM ORIENTED POLICING
02/14/2026,04:46 am,2026040922,413 S FIFTH ST,PRKNG LOT CHK
02/14/2026,04:45 am,2026040920,625 S FOURTH ST,PRKNG LOT CHK
02/14/2026,04:45 am,2026040919,625 S FOURTH ST,PRKNG LOT CHK
02/14/2026,04:44 am,2026040917,515 S FIFTH ST,PRKNG LOT CHK
02/14/2026,04:43 am,2026040916,515 S FIFTH ST,PRKNG LOT CHK
